time	anon_gb	compressor_gb	decompressions	pageins	swap_used_mb	gpu_pct	qwen38_rss_gb	wired_gb	file_gb	spec_gb	free_gb	memstatus_pct
05:26:42	10.3	14.5	63107652	233710348	3089	4	0.0	4.5	36.2	7.9	40.3	91
05:26:47	14.6	14.5	63107676	233817454	3089	8	5.3	5.8	37.7	9.3	33.0	90
05:26:52	18.8	14.5	63107705	233983756	3089	32	9.3	5.8	40.2	11.8	26.3	89
05:26:57	22.8	14.5	63107720	234149971	3089	14	13.2	5.8	42.8	14.4	19.8	89
05:27:02	28.0	14.5	63107729	234318980	3089	23	17.1	4.5	45.4	17.0	13.3	91
05:27:08	30.8	14.5	63107747	234482392	3089	31	21.1	5.8	47.8	19.4	6.7	89
05:27:13	34.8	14.5	63107753	234648598	3089	22	25.1	5.8	50.4	22.0	0.1	89
05:27:18	40.1	14.5	63107760	234814839	3089	19	29.0	4.5	46.4	18.0	0.1	91
05:27:23	42.9	14.5	63107765	234981154	3089	17	32.9	5.8	42.3	12.7	0.1	89
05:27:28	47.2	14.5	63107786	235127499	3089	25	37.2	5.8	38.0	8.5	0.1	89
05:27:33	51.0	14.5	63107809	235293820	3089	12	41.1	5.8	34.2	4.1	0.1	89
05:27:39	56.3	14.5	63107917	235462988	3089	14	45.0	4.5	30.3	3.4	0.1	91
05:27:44	59.1	14.5	63108002	235629748	3089	27	49.0	5.8	26.1	4.0	0.1	89
05:27:49	42.1	34.9	63109877	235736060	3091	16	32.6	4.6	24.8	3.1	0.0	69
05:27:54	10.5	16.1	64585412	235781688	3091	31	30.4	56.6	23.0	2.7	0.1	34
05:28:00	9.9	16.1	64585742	235782132	3091	83	30.5	57.1	23.1	2.7	0.2	34
05:28:05	9.8	16.1	64586161	235782280	3091	82	30.5	57.1	23.1	2.7	0.2	34
05:28:10	9.9	16.1	64586440	235782349	3091	82	30.5	57.1	23.1	2.7	0.2	34
05:28:15	9.9	16.1	64586831	235782423	3091	82	30.5	57.1	23.1	2.7	0.2	34
05:28:20	9.9	16.1	64586873	235782458	3091	86	30.5	57.1	23.1	2.7	0.2	34
05:28:26	9.9	16.1	64586952	235782543	3091	87	30.5	57.0	23.1	2.7	0.1	34
05:28:31	9.3	16.1	64586983	235782947	3091	87	30.0	57.8	23.0	2.5	0.2	34
05:28:36	9.5	16.1	64587051	235782985	3091	84	30.0	57.6	22.9	2.5	0.2	34
05:28:41	9.5	16.1	64587085	235783022	3091	85	30.0	57.7	22.9	2.5	0.2	34
05:28:46	9.5	16.1	64587531	235783277	3091	85	30.0	57.7	22.9	2.5	0.2	34
05:28:51	9.5	16.1	64587534	235783359	3091	85	30.0	57.7	22.9	2.5	0.1	34
05:28:57	9.5	16.1	64587539	235783414	3091	85	30.0	57.9	22.6	2.2	0.2	33
05:29:02	9.6	16.1	64587669	235783497	3091	84	30.0	57.7	22.6	2.2	0.3	34
05:29:07	9.6	16.1	64588309	235783575	3091	85	30.1	57.8	22.6	2.2	0.3	34
05:29:12	9.6	16.1	64588343	235783629	3091	85	30.1	57.7	22.6	2.2	0.4	34
05:29:17	41.5	15.7	64588372	235784086	3091	85	0.0	4.5	22.6	2.2	22.0	90
05:29:23	9.0	15.2	64591842	235796119	3091	3	0.0	4.5	22.8	2.2	54.8	91
05:29:28	9.0	15.2	64591864	235796175	3091	3	0.0	4.5	22.8	2.2	54.8	91
05:29:33	9.2	15.2	64591870	235796313	3091	2	0.0	4.2	22.8	2.2	54.9	91
05:29:38	9.0	15.2	64592010	235796365	3091	3	0.0	4.5	22.8	2.2	54.8	90
05:29:43	9.3	15.2	64592047	235812553	3091	3	0.0	4.2	23.1	2.5	54.5	91
